model,detail,mae,rmse
UserCF,sim=cosine,0.7678336111826972,0.9934849966492136
ItemCF,sim=cosine,0.7750780175130063,0.9955427191488118
UserCF,sim=msd,0.74454514579334,0.9680193818979161
ItemCF,sim=msd,0.7213352792483354,0.9346912695798839
UserCF,sim=pearson,0.773210340664606,0.9989774306081465
ItemCF,sim=pearson,0.7676820938051845,0.9885052422388044
