model,detail,mae,rmse
UserCF,k=10,0.7788221927237966,1.0101771328877898
ItemCF,k=10,0.8211208186626461,1.0496212157253784
UserCF,k=20,0.7684895441760021,0.9964078292233645
ItemCF,k=20,0.7943831057070191,1.016995764970934
UserCF,k=40,0.7678336111826972,0.9934849966492136
ItemCF,k=40,0.7750780175130063,0.9955427191488118
UserCF,k=60,0.7689967097552016,0.9935483431223631
ItemCF,k=60,0.7671172694360433,0.9863312074284645
