model,detail,mae,rmse
PMF,baseline,0.755730560210482,0.9832118922577227
UserCF,baseline,0.7678336111826972,0.9934849966492136
ItemCF,baseline,0.7750780175130063,0.9955427191488118
